memo,RESPONSE_MEMO,start_date,end_date
The focus is on presenting a balanced perspective while addressing the key question of art history. Time management was essential for completing tasks related to art history. This research aims to provide a comprehensive understanding of art history. Some key points include consider exploring this topic from multiple angles.. I began researching the topic of art history by focusing on write a critical analysis. The process involved collecting data and organizing it systematically.,"Focus on connecting your findings back to the main research question. Great work identifying sources; ensure they are cited properly. This is a strong start, but try to incorporate more examples. Your initial review is detailed, but consider expanding on key points. Excellent use of resources; keep up the thorough analysis.",12/7/2024 10:33,12/28/2024 13:33
I began researching the topic of biology by focusing on write a critical analysis. The process involved collecting data and organizing it systematically. The focus is on presenting a balanced perspective while addressing the key question of biology. Time management was essential for completing tasks related to biology.,"Your initial review is detailed, but consider expanding on key points. Ensure your conclusions align with the evidence presented. Excellent use of resources; keep up the thorough analysis. Consider narrowing your focus to make the argument more concise.",11/4/2024 13:33,11/10/2024 22:33
"This research aims to provide a comprehensive understanding of literature. One challenge was finding sufficient resources on literature, but it was resolved by consulting multiple databases. Time management was essential for completing tasks related to literature. Some key points include consider exploring this topic from multiple angles.. The focus is on presenting a balanced perspective while addressing the key question of literature. I began researching the topic of literature by focusing on develop a thesis statement.",Ensure your conclusions align with the evidence presented. Excellent use of resources; keep up the thorough analysis. You might want to refine the thesis to make it clearer and more compelling.,10/23/2024 8:33,11/12/2024 8:33
"Time management was essential for completing tasks related to economics. The focus is on presenting a balanced perspective while addressing the key question of economics. The process involved collecting data and organizing it systematically. Some key points include consider exploring this topic from multiple angles.. I began researching the topic of economics by focusing on summarize historical events. This research aims to provide a comprehensive understanding of economics. One challenge was finding sufficient resources on economics, but it was resolved by consulting multiple databases.","Consider narrowing your focus to make the argument more concise. Great work identifying sources; ensure they are cited properly. Excellent use of resources; keep up the thorough analysis. Ensure your conclusions align with the evidence presented. You might want to refine the thesis to make it clearer and more compelling. Focus on connecting your findings back to the main research question. Your initial review is detailed, but consider expanding on key points. This is a strong start, but try to incorporate more examples.",12/1/2024 0:33,12/5/2024 6:33
"One challenge was finding sufficient resources on art history, but it was resolved by consulting multiple databases. The process involved collecting data and organizing it systematically. This research aims to provide a comprehensive understanding of art history. Some key points include include recent studies to ensure relevance.. Time management was essential for completing tasks related to art history.","Excellent use of resources; keep up the thorough analysis. You might want to refine the thesis to make it clearer and more compelling. Your initial review is detailed, but consider expanding on key points.",11/13/2024 6:33,11/26/2024 11:33
"This research aims to provide a comprehensive understanding of literature. I began researching the topic of literature by focusing on evaluate case studies. One challenge was finding sufficient resources on literature, but it was resolved by consulting multiple databases. Some key points include focus on building a strong argument supported by evidence.. Time management was essential for completing tasks related to literature. The focus is on presenting a balanced perspective while addressing the key question of literature.","Excellent use of resources; keep up the thorough analysis. Focus on connecting your findings back to the main research question. Your initial review is detailed, but consider expanding on key points. Great work identifying sources; ensure they are cited properly. This is a strong start, but try to incorporate more examples. Ensure your conclusions align with the evidence presented.",11/12/2024 14:33,12/10/2024 23:33
"This research aims to provide a comprehensive understanding of literature. One challenge was finding sufficient resources on literature, but it was resolved by consulting multiple databases. Some key points include pay special attention to historical context and implications..","This is a strong start, but try to incorporate more examples. You might want to refine the thesis to make it clearer and more compelling. Excellent use of resources; keep up the thorough analysis. Great work identifying sources; ensure they are cited properly. Consider narrowing your focus to make the argument more concise. Ensure your conclusions align with the evidence presented. Your initial review is detailed, but consider expanding on key points. Focus on connecting your findings back to the main research question.",10/30/2024 22:33,11/27/2024 2:33
"One challenge was finding sufficient resources on psychology, but it was resolved by consulting multiple databases. Some key points include focus on building a strong argument supported by evidence.. The focus is on presenting a balanced perspective while addressing the key question of psychology. I began researching the topic of psychology by focusing on write a critical analysis. Time management was essential for completing tasks related to psychology. This research aims to provide a comprehensive understanding of psychology. The process involved collecting data and organizing it systematically.","You might want to refine the thesis to make it clearer and more compelling. Ensure your conclusions align with the evidence presented. Excellent use of resources; keep up the thorough analysis. Focus on connecting your findings back to the main research question. This is a strong start, but try to incorporate more examples.",12/27/2024 16:33,1/9/2025 16:33
The process involved collecting data and organizing it systematically. Time management was essential for completing tasks related to economics. This research aims to provide a comprehensive understanding of economics.,"Your initial review is detailed, but consider expanding on key points. Excellent use of resources; keep up the thorough analysis. This is a strong start, but try to incorporate more examples. Consider narrowing your focus to make the argument more concise. Focus on connecting your findings back to the main research question. You might want to refine the thesis to make it clearer and more compelling. Ensure your conclusions align with the evidence presented.",1/6/2025 8:33,1/27/2025 12:33
I began researching the topic of history by focusing on write a critical analysis. The focus is on presenting a balanced perspective while addressing the key question of history. Some key points include pay special attention to historical context and implications.. This research aims to provide a comprehensive understanding of history.,"You might want to refine the thesis to make it clearer and more compelling. Great work identifying sources; ensure they are cited properly. Focus on connecting your findings back to the main research question. Excellent use of resources; keep up the thorough analysis. Ensure your conclusions align with the evidence presented. Your initial review is detailed, but consider expanding on key points. Consider narrowing your focus to make the argument more concise.",11/2/2024 2:33,11/8/2024 2:33
"Time management was essential for completing tasks related to literature. This research aims to provide a comprehensive understanding of literature. The process involved collecting data and organizing it systematically. Some key points include focus on building a strong argument supported by evidence.. One challenge was finding sufficient resources on literature, but it was resolved by consulting multiple databases. The focus is on presenting a balanced perspective while addressing the key question of literature.","This is a strong start, but try to incorporate more examples. Excellent use of resources; keep up the thorough analysis. Focus on connecting your findings back to the main research question. Great work identifying sources; ensure they are cited properly. Your initial review is detailed, but consider expanding on key points. Ensure your conclusions align with the evidence presented.",1/17/2025 15:33,2/10/2025 19:33
"The process involved collecting data and organizing it systematically. This research aims to provide a comprehensive understanding of literature. Some key points include consider exploring this topic from multiple angles.. The focus is on presenting a balanced perspective while addressing the key question of literature. I began researching the topic of literature by focusing on review academic journals. Time management was essential for completing tasks related to literature. One challenge was finding sufficient resources on literature, but it was resolved by consulting multiple databases.","Consider narrowing your focus to make the argument more concise. Great work identifying sources; ensure they are cited properly. Your initial review is detailed, but consider expanding on key points. Focus on connecting your findings back to the main research question. Ensure your conclusions align with the evidence presented. You might want to refine the thesis to make it clearer and more compelling.",10/19/2024 19:33,10/21/2024 7:33
"The process involved collecting data and organizing it systematically. One challenge was finding sufficient resources on economics, but it was resolved by consulting multiple databases. I began researching the topic of economics by focusing on create an annotated bibliography. The focus is on presenting a balanced perspective while addressing the key question of economics. This research aims to provide a comprehensive understanding of economics. Some key points include include recent studies to ensure relevance..","Great work identifying sources; ensure they are cited properly. You might want to refine the thesis to make it clearer and more compelling. Ensure your conclusions align with the evidence presented. Focus on connecting your findings back to the main research question. Your initial review is detailed, but consider expanding on key points. Consider narrowing your focus to make the argument more concise. Excellent use of resources; keep up the thorough analysis. This is a strong start, but try to incorporate more examples.",11/16/2024 19:33,11/24/2024 20:33
"One challenge was finding sufficient resources on history, but it was resolved by consulting multiple databases. Time management was essential for completing tasks related to history. The focus is on presenting a balanced perspective while addressing the key question of history. This research aims to provide a comprehensive understanding of history. I began researching the topic of history by focusing on develop a thesis statement.","Your initial review is detailed, but consider expanding on key points. This is a strong start, but try to incorporate more examples. Consider narrowing your focus to make the argument more concise. You might want to refine the thesis to make it clearer and more compelling. Ensure your conclusions align with the evidence presented. Focus on connecting your findings back to the main research question. Great work identifying sources; ensure they are cited properly.",11/10/2024 8:33,11/21/2024 14:33
"Time management was essential for completing tasks related to economics. One challenge was finding sufficient resources on economics, but it was resolved by consulting multiple databases. The process involved collecting data and organizing it systematically. This research aims to provide a comprehensive understanding of economics. The focus is on presenting a balanced perspective while addressing the key question of economics.","Ensure your conclusions align with the evidence presented. This is a strong start, but try to incorporate more examples. Focus on connecting your findings back to the main research question. Your initial review is detailed, but consider expanding on key points. You might want to refine the thesis to make it clearer and more compelling. Consider narrowing your focus to make the argument more concise. Excellent use of resources; keep up the thorough analysis. Great work identifying sources; ensure they are cited properly.",11/4/2024 17:33,11/4/2024 23:33
"I began researching the topic of computer science by focusing on review academic journals. Time management was essential for completing tasks related to computer science. The process involved collecting data and organizing it systematically. One challenge was finding sufficient resources on computer science, but it was resolved by consulting multiple databases. Some key points include consider exploring this topic from multiple angles.. The focus is on presenting a balanced perspective while addressing the key question of computer science. This research aims to provide a comprehensive understanding of computer science.",Excellent use of resources; keep up the thorough analysis. Ensure your conclusions align with the evidence presented. Focus on connecting your findings back to the main research question.,11/4/2024 1:33,12/2/2024 2:33
"One challenge was finding sufficient resources on literature, but it was resolved by consulting multiple databases. Time management was essential for completing tasks related to literature. The focus is on presenting a balanced perspective while addressing the key question of literature. This research aims to provide a comprehensive understanding of literature. I began researching the topic of literature by focusing on analyze primary sources. The process involved collecting data and organizing it systematically. Some key points include pay special attention to historical context and implications..","Excellent use of resources; keep up the thorough analysis. Ensure your conclusions align with the evidence presented. Consider narrowing your focus to make the argument more concise. Focus on connecting your findings back to the main research question. You might want to refine the thesis to make it clearer and more compelling. Your initial review is detailed, but consider expanding on key points.",10/30/2024 7:33,11/16/2024 7:33
"One challenge was finding sufficient resources on computer science, but it was resolved by consulting multiple databases. The process involved collecting data and organizing it systematically. This research aims to provide a comprehensive understanding of computer science. I began researching the topic of computer science by focusing on evaluate case studies. Some key points include consider exploring this topic from multiple angles..",Ensure your conclusions align with the evidence presented. You might want to refine the thesis to make it clearer and more compelling. Focus on connecting your findings back to the main research question.,1/3/2025 19:33,1/17/2025 2:33
"Some key points include ensure the use of at least five peer-reviewed sources.. The process involved collecting data and organizing it systematically. The focus is on presenting a balanced perspective while addressing the key question of philosophy. One challenge was finding sufficient resources on philosophy, but it was resolved by consulting multiple databases. I began researching the topic of philosophy by focusing on evaluate case studies. This research aims to provide a comprehensive understanding of philosophy. Time management was essential for completing tasks related to philosophy.","Consider narrowing your focus to make the argument more concise. Great work identifying sources; ensure they are cited properly. You might want to refine the thesis to make it clearer and more compelling. Your initial review is detailed, but consider expanding on key points.",12/10/2024 15:33,12/11/2024 1:33
"Some key points include pay special attention to historical context and implications.. Time management was essential for completing tasks related to biology. This research aims to provide a comprehensive understanding of biology. One challenge was finding sufficient resources on biology, but it was resolved by consulting multiple databases. The process involved collecting data and organizing it systematically. The focus is on presenting a balanced perspective while addressing the key question of biology. I began researching the topic of biology by focusing on review academic journals.","Your initial review is detailed, but consider expanding on key points. This is a strong start, but try to incorporate more examples. Great work identifying sources; ensure they are cited properly. You might want to refine the thesis to make it clearer and more compelling. Focus on connecting your findings back to the main research question. Ensure your conclusions align with the evidence presented. Excellent use of resources; keep up the thorough analysis.",12/26/2024 9:33,12/28/2024 16:33
"The focus is on presenting a balanced perspective while addressing the key question of biology. One challenge was finding sufficient resources on biology, but it was resolved by consulting multiple databases. Time management was essential for completing tasks related to biology. The process involved collecting data and organizing it systematically. Some key points include include recent studies to ensure relevance.. I began researching the topic of biology by focusing on evaluate case studies.",Consider narrowing your focus to make the argument more concise. Great work identifying sources; ensure they are cited properly. You might want to refine the thesis to make it clearer and more compelling.,1/3/2025 19:33,1/31/2025 19:33
Time management was essential for completing tasks related to history. This research aims to provide a comprehensive understanding of history. The process involved collecting data and organizing it systematically. Some key points include focus on building a strong argument supported by evidence.. The focus is on presenting a balanced perspective while addressing the key question of history.,"Your initial review is detailed, but consider expanding on key points. Consider narrowing your focus to make the argument more concise. You might want to refine the thesis to make it clearer and more compelling. Great work identifying sources; ensure they are cited properly. Excellent use of resources; keep up the thorough analysis. Focus on connecting your findings back to the main research question. This is a strong start, but try to incorporate more examples. Ensure your conclusions align with the evidence presented.",1/9/2025 10:33,2/5/2025 11:33
"I began researching the topic of biology by focusing on review academic journals. One challenge was finding sufficient resources on biology, but it was resolved by consulting multiple databases. Some key points include consider exploring this topic from multiple angles.. The focus is on presenting a balanced perspective while addressing the key question of biology. Time management was essential for completing tasks related to biology.","Your initial review is detailed, but consider expanding on key points. Great work identifying sources; ensure they are cited properly. Focus on connecting your findings back to the main research question. This is a strong start, but try to incorporate more examples. Ensure your conclusions align with the evidence presented. Excellent use of resources; keep up the thorough analysis.",12/23/2024 19:33,1/9/2025 2:33
Some key points include focus on building a strong argument supported by evidence.. The process involved collecting data and organizing it systematically.,"This is a strong start, but try to incorporate more examples. Consider narrowing your focus to make the argument more concise. Your initial review is detailed, but consider expanding on key points. You might want to refine the thesis to make it clearer and more compelling.",10/19/2024 1:33,10/24/2024 2:33
"The focus is on presenting a balanced perspective while addressing the key question of biology. This research aims to provide a comprehensive understanding of biology. One challenge was finding sufficient resources on biology, but it was resolved by consulting multiple databases. Some key points include pay special attention to historical context and implications.. I began researching the topic of biology by focusing on analyze primary sources. The process involved collecting data and organizing it systematically. Time management was essential for completing tasks related to biology.","Your initial review is detailed, but consider expanding on key points. Focus on connecting your findings back to the main research question.",12/28/2024 16:33,1/20/2025 17:33
I began researching the topic of physics by focusing on evaluate case studies. Time management was essential for completing tasks related to physics. Some key points include pay special attention to historical context and implications.. This research aims to provide a comprehensive understanding of physics.,"Your initial review is detailed, but consider expanding on key points. This is a strong start, but try to incorporate more examples. Great work identifying sources; ensure they are cited properly.",11/14/2024 0:33,12/5/2024 7:33
"This research aims to provide a comprehensive understanding of art history. The process involved collecting data and organizing it systematically. One challenge was finding sufficient resources on art history, but it was resolved by consulting multiple databases. Some key points include ensure the use of at least five peer-reviewed sources..","Focus on connecting your findings back to the main research question. Your initial review is detailed, but consider expanding on key points.",10/24/2024 23:33,10/28/2024 23:33
I began researching the topic of philosophy by focusing on write a critical analysis. This research aims to provide a comprehensive understanding of philosophy.,"Great work identifying sources; ensure they are cited properly. Focus on connecting your findings back to the main research question. Ensure your conclusions align with the evidence presented. Your initial review is detailed, but consider expanding on key points. Excellent use of resources; keep up the thorough analysis.",12/30/2024 17:33,1/11/2025 17:33
"One challenge was finding sufficient resources on psychology, but it was resolved by consulting multiple databases. I began researching the topic of psychology by focusing on analyze experimental data.","Your initial review is detailed, but consider expanding on key points. Great work identifying sources; ensure they are cited properly.",11/5/2024 20:33,11/22/2024 3:33
The process involved collecting data and organizing it systematically. This research aims to provide a comprehensive understanding of philosophy.,"Your initial review is detailed, but consider expanding on key points. Excellent use of resources; keep up the thorough analysis.",12/16/2024 20:33,1/13/2025 21:33
"Time management was essential for completing tasks related to biology. I began researching the topic of biology by focusing on analyze primary sources. One challenge was finding sufficient resources on biology, but it was resolved by consulting multiple databases. Some key points include include recent studies to ensure relevance..","You might want to refine the thesis to make it clearer and more compelling. Excellent use of resources; keep up the thorough analysis. Consider narrowing your focus to make the argument more concise. Ensure your conclusions align with the evidence presented. Great work identifying sources; ensure they are cited properly. This is a strong start, but try to incorporate more examples. Focus on connecting your findings back to the main research question. Your initial review is detailed, but consider expanding on key points.",12/6/2024 17:33,12/25/2024 19:33
Some key points include include recent studies to ensure relevance.. The focus is on presenting a balanced perspective while addressing the key question of art history. The process involved collecting data and organizing it systematically. This research aims to provide a comprehensive understanding of art history.,Great work identifying sources; ensure they are cited properly. Consider narrowing your focus to make the argument more concise.,12/7/2024 13:33,12/14/2024 16:33
The process involved collecting data and organizing it systematically. I began researching the topic of computer science by focusing on analyze experimental data.,"This is a strong start, but try to incorporate more examples. Your initial review is detailed, but consider expanding on key points. Ensure your conclusions align with the evidence presented. Great work identifying sources; ensure they are cited properly. Consider narrowing your focus to make the argument more concise. Excellent use of resources; keep up the thorough analysis. You might want to refine the thesis to make it clearer and more compelling. Focus on connecting your findings back to the main research question.",12/15/2024 9:33,12/24/2024 15:33
"Time management was essential for completing tasks related to computer science. I began researching the topic of computer science by focusing on develop a thesis statement. One challenge was finding sufficient resources on computer science, but it was resolved by consulting multiple databases.","This is a strong start, but try to incorporate more examples. Ensure your conclusions align with the evidence presented. Focus on connecting your findings back to the main research question.",10/28/2024 21:33,11/23/2024 1:33
I began researching the topic of computer science by focusing on summarize historical events. The focus is on presenting a balanced perspective while addressing the key question of computer science.,"This is a strong start, but try to incorporate more examples. Your initial review is detailed, but consider expanding on key points. Ensure your conclusions align with the evidence presented.",11/14/2024 15:33,12/1/2024 15:33
"I began researching the topic of physics by focusing on write a critical analysis. One challenge was finding sufficient resources on physics, but it was resolved by consulting multiple databases. The process involved collecting data and organizing it systematically. Some key points include consider exploring this topic from multiple angles.. Time management was essential for completing tasks related to physics. This research aims to provide a comprehensive understanding of physics. The focus is on presenting a balanced perspective while addressing the key question of physics.","Focus on connecting your findings back to the main research question. Consider narrowing your focus to make the argument more concise. Your initial review is detailed, but consider expanding on key points. This is a strong start, but try to incorporate more examples. You might want to refine the thesis to make it clearer and more compelling.",10/19/2024 20:33,10/24/2024 6:33
"The process involved collecting data and organizing it systematically. One challenge was finding sufficient resources on computer science, but it was resolved by consulting multiple databases. I began researching the topic of computer science by focusing on analyze experimental data. This research aims to provide a comprehensive understanding of computer science.","This is a strong start, but try to incorporate more examples. You might want to refine the thesis to make it clearer and more compelling. Ensure your conclusions align with the evidence presented. Focus on connecting your findings back to the main research question. Great work identifying sources; ensure they are cited properly. Your initial review is detailed, but consider expanding on key points. Consider narrowing your focus to make the argument more concise.",11/7/2024 13:33,12/5/2024 21:33
This research aims to provide a comprehensive understanding of chemistry. The focus is on presenting a balanced perspective while addressing the key question of chemistry. Some key points include ensure the use of at least five peer-reviewed sources..,"Great work identifying sources; ensure they are cited properly. Your initial review is detailed, but consider expanding on key points. Focus on connecting your findings back to the main research question. Consider narrowing your focus to make the argument more concise. Excellent use of resources; keep up the thorough analysis.",11/9/2024 7:33,11/14/2024 17:33
"I began researching the topic of physics by focusing on develop a thesis statement. The process involved collecting data and organizing it systematically. This research aims to provide a comprehensive understanding of physics. Some key points include consider exploring this topic from multiple angles.. One challenge was finding sufficient resources on physics, but it was resolved by consulting multiple databases. Time management was essential for completing tasks related to physics. The focus is on presenting a balanced perspective while addressing the key question of physics.","Focus on connecting your findings back to the main research question. This is a strong start, but try to incorporate more examples. Great work identifying sources; ensure they are cited properly. Consider narrowing your focus to make the argument more concise. Ensure your conclusions align with the evidence presented. Your initial review is detailed, but consider expanding on key points. You might want to refine the thesis to make it clearer and more compelling.",12/19/2024 4:33,12/19/2024 4:33
"Some key points include ensure the use of at least five peer-reviewed sources.. This research aims to provide a comprehensive understanding of chemistry. One challenge was finding sufficient resources on chemistry, but it was resolved by consulting multiple databases. The process involved collecting data and organizing it systematically. I began researching the topic of chemistry by focusing on analyze primary sources. The focus is on presenting a balanced perspective while addressing the key question of chemistry. Time management was essential for completing tasks related to chemistry.","Focus on connecting your findings back to the main research question. Great work identifying sources; ensure they are cited properly. Excellent use of resources; keep up the thorough analysis. Ensure your conclusions align with the evidence presented. This is a strong start, but try to incorporate more examples. You might want to refine the thesis to make it clearer and more compelling.",10/21/2024 12:33,11/9/2024 17:33
"One challenge was finding sufficient resources on history, but it was resolved by consulting multiple databases. This research aims to provide a comprehensive understanding of history.","Consider narrowing your focus to make the argument more concise. Great work identifying sources; ensure they are cited properly. This is a strong start, but try to incorporate more examples.",11/14/2024 22:33,11/26/2024 9:33
"This research aims to provide a comprehensive understanding of economics. One challenge was finding sufficient resources on economics, but it was resolved by consulting multiple databases. The process involved collecting data and organizing it systematically. Time management was essential for completing tasks related to economics. The focus is on presenting a balanced perspective while addressing the key question of economics.",Consider narrowing your focus to make the argument more concise. You might want to refine the thesis to make it clearer and more compelling. Ensure your conclusions align with the evidence presented. Excellent use of resources; keep up the thorough analysis. Focus on connecting your findings back to the main research question.,11/9/2024 11:33,11/14/2024 16:33
Some key points include focus on building a strong argument supported by evidence.. Time management was essential for completing tasks related to economics. This research aims to provide a comprehensive understanding of economics.,"Great work identifying sources; ensure they are cited properly. This is a strong start, but try to incorporate more examples.",12/26/2024 12:33,1/11/2025 17:33
"One challenge was finding sufficient resources on chemistry, but it was resolved by consulting multiple databases. The process involved collecting data and organizing it systematically. I began researching the topic of chemistry by focusing on create an annotated bibliography. The focus is on presenting a balanced perspective while addressing the key question of chemistry. Time management was essential for completing tasks related to chemistry. This research aims to provide a comprehensive understanding of chemistry.",You might want to refine the thesis to make it clearer and more compelling. Ensure your conclusions align with the evidence presented.,11/28/2024 20:33,12/20/2024 23:33
"This research aims to provide a comprehensive understanding of literature. The focus is on presenting a balanced perspective while addressing the key question of literature. I began researching the topic of literature by focusing on develop a thesis statement. Some key points include pay special attention to historical context and implications.. One challenge was finding sufficient resources on literature, but it was resolved by consulting multiple databases. Time management was essential for completing tasks related to literature.","Focus on connecting your findings back to the main research question. Ensure your conclusions align with the evidence presented. Great work identifying sources; ensure they are cited properly. Excellent use of resources; keep up the thorough analysis. Your initial review is detailed, but consider expanding on key points. You might want to refine the thesis to make it clearer and more compelling. This is a strong start, but try to incorporate more examples.",11/22/2024 11:33,12/20/2024 17:33
"This research aims to provide a comprehensive understanding of art history. I began researching the topic of art history by focusing on conduct a literature review. One challenge was finding sufficient resources on art history, but it was resolved by consulting multiple databases. Some key points include pay special attention to historical context and implications.. The process involved collecting data and organizing it systematically. Time management was essential for completing tasks related to art history. The focus is on presenting a balanced perspective while addressing the key question of art history.","This is a strong start, but try to incorporate more examples. Your initial review is detailed, but consider expanding on key points. Focus on connecting your findings back to the main research question. Consider narrowing your focus to make the argument more concise. Excellent use of resources; keep up the thorough analysis. Great work identifying sources; ensure they are cited properly. You might want to refine the thesis to make it clearer and more compelling. Ensure your conclusions align with the evidence presented.",12/28/2024 11:33,1/15/2025 16:33
"Time management was essential for completing tasks related to art history. The process involved collecting data and organizing it systematically. This research aims to provide a comprehensive understanding of art history. One challenge was finding sufficient resources on art history, but it was resolved by consulting multiple databases. The focus is on presenting a balanced perspective while addressing the key question of art history.","This is a strong start, but try to incorporate more examples. Consider narrowing your focus to make the argument more concise. Focus on connecting your findings back to the main research question.",1/5/2025 14:33,1/26/2025 15:33
"Time management was essential for completing tasks related to history. This research aims to provide a comprehensive understanding of history. The focus is on presenting a balanced perspective while addressing the key question of history. One challenge was finding sufficient resources on history, but it was resolved by consulting multiple databases.","Ensure your conclusions align with the evidence presented. Great work identifying sources; ensure they are cited properly. Consider narrowing your focus to make the argument more concise. Focus on connecting your findings back to the main research question. Your initial review is detailed, but consider expanding on key points. You might want to refine the thesis to make it clearer and more compelling. This is a strong start, but try to incorporate more examples.",1/15/2025 20:33,1/22/2025 23:33
"Some key points include focus on building a strong argument supported by evidence.. The focus is on presenting a balanced perspective while addressing the key question of philosophy. One challenge was finding sufficient resources on philosophy, but it was resolved by consulting multiple databases. Time management was essential for completing tasks related to philosophy. The process involved collecting data and organizing it systematically.","Consider narrowing your focus to make the argument more concise. Your initial review is detailed, but consider expanding on key points. Great work identifying sources; ensure they are cited properly. This is a strong start, but try to incorporate more examples. Ensure your conclusions align with the evidence presented. Excellent use of resources; keep up the thorough analysis. You might want to refine the thesis to make it clearer and more compelling. Focus on connecting your findings back to the main research question.",12/28/2024 7:33,1/4/2025 10:33
"One challenge was finding sufficient resources on physics, but it was resolved by consulting multiple databases. I began researching the topic of physics by focusing on evaluate case studies. The process involved collecting data and organizing it systematically.","You might want to refine the thesis to make it clearer and more compelling. Ensure your conclusions align with the evidence presented. This is a strong start, but try to incorporate more examples. Focus on connecting your findings back to the main research question. Great work identifying sources; ensure they are cited properly. Excellent use of resources; keep up the thorough analysis. Consider narrowing your focus to make the argument more concise.",11/28/2024 1:33,12/19/2024 7:33
Some key points include consider exploring this topic from multiple angles.. The focus is on presenting a balanced perspective while addressing the key question of economics.,Great work identifying sources; ensure they are cited properly. Excellent use of resources; keep up the thorough analysis.,11/16/2024 1:33,12/4/2024 12:33
"Some key points include pay special attention to historical context and implications.. The process involved collecting data and organizing it systematically. One challenge was finding sufficient resources on biology, but it was resolved by consulting multiple databases.",Consider narrowing your focus to make the argument more concise. Ensure your conclusions align with the evidence presented. Focus on connecting your findings back to the main research question. Great work identifying sources; ensure they are cited properly.,1/9/2025 7:33,2/3/2025 10:33
"The focus is on presenting a balanced perspective while addressing the key question of chemistry. Some key points include ensure the use of at least five peer-reviewed sources.. This research aims to provide a comprehensive understanding of chemistry. Time management was essential for completing tasks related to chemistry. One challenge was finding sufficient resources on chemistry, but it was resolved by consulting multiple databases.","Ensure your conclusions align with the evidence presented. Focus on connecting your findings back to the main research question. Your initial review is detailed, but consider expanding on key points. You might want to refine the thesis to make it clearer and more compelling. Consider narrowing your focus to make the argument more concise. Great work identifying sources; ensure they are cited properly. Excellent use of resources; keep up the thorough analysis. This is a strong start, but try to incorporate more examples.",11/14/2024 23:33,12/6/2024 7:33
"Some key points include consider exploring this topic from multiple angles.. The focus is on presenting a balanced perspective while addressing the key question of psychology. The process involved collecting data and organizing it systematically. This research aims to provide a comprehensive understanding of psychology. I began researching the topic of psychology by focusing on analyze primary sources. One challenge was finding sufficient resources on psychology, but it was resolved by consulting multiple databases. Time management was essential for completing tasks related to psychology.","This is a strong start, but try to incorporate more examples. Excellent use of resources; keep up the thorough analysis. Ensure your conclusions align with the evidence presented. Consider narrowing your focus to make the argument more concise. Focus on connecting your findings back to the main research question. Great work identifying sources; ensure they are cited properly.",12/21/2024 18:33,1/3/2025 21:33
"Time management was essential for completing tasks related to psychology. This research aims to provide a comprehensive understanding of psychology. I began researching the topic of psychology by focusing on compare theoretical frameworks. The focus is on presenting a balanced perspective while addressing the key question of psychology. Some key points include consider exploring this topic from multiple angles.. One challenge was finding sufficient resources on psychology, but it was resolved by consulting multiple databases. The process involved collecting data and organizing it systematically.","Ensure your conclusions align with the evidence presented. Excellent use of resources; keep up the thorough analysis. This is a strong start, but try to incorporate more examples. Consider narrowing your focus to make the argument more concise. Your initial review is detailed, but consider expanding on key points. Focus on connecting your findings back to the main research question.",12/2/2024 21:33,12/6/2024 5:33
Some key points include pay special attention to historical context and implications.. The focus is on presenting a balanced perspective while addressing the key question of psychology.,"Ensure your conclusions align with the evidence presented. Great work identifying sources; ensure they are cited properly. This is a strong start, but try to incorporate more examples. Focus on connecting your findings back to the main research question. Consider narrowing your focus to make the argument more concise. You might want to refine the thesis to make it clearer and more compelling. Your initial review is detailed, but consider expanding on key points. Excellent use of resources; keep up the thorough analysis.",1/1/2025 0:33,1/20/2025 1:33
"I began researching the topic of art history by focusing on evaluate case studies. The process involved collecting data and organizing it systematically. Some key points include include recent studies to ensure relevance.. One challenge was finding sufficient resources on art history, but it was resolved by consulting multiple databases. Time management was essential for completing tasks related to art history.","Focus on connecting your findings back to the main research question. Great work identifying sources; ensure they are cited properly. Excellent use of resources; keep up the thorough analysis. You might want to refine the thesis to make it clearer and more compelling. This is a strong start, but try to incorporate more examples.",12/15/2024 2:33,12/31/2024 8:33
"Some key points include ensure the use of at least five peer-reviewed sources.. One challenge was finding sufficient resources on art history, but it was resolved by consulting multiple databases.","Your initial review is detailed, but consider expanding on key points. Focus on connecting your findings back to the main research question. Great work identifying sources; ensure they are cited properly. Consider narrowing your focus to make the argument more concise.",11/22/2024 19:33,12/6/2024 21:33
"The focus is on presenting a balanced perspective while addressing the key question of computer science. Time management was essential for completing tasks related to computer science. The process involved collecting data and organizing it systematically. I began researching the topic of computer science by focusing on conduct a literature review. This research aims to provide a comprehensive understanding of computer science. One challenge was finding sufficient resources on computer science, but it was resolved by consulting multiple databases. Some key points include pay special attention to historical context and implications..","Great work identifying sources; ensure they are cited properly. Focus on connecting your findings back to the main research question. This is a strong start, but try to incorporate more examples. Your initial review is detailed, but consider expanding on key points.",11/9/2024 21:33,12/6/2024 7:33
"The process involved collecting data and organizing it systematically. One challenge was finding sufficient resources on history, but it was resolved by consulting multiple databases. The focus is on presenting a balanced perspective while addressing the key question of history.","Great work identifying sources; ensure they are cited properly. This is a strong start, but try to incorporate more examples. Focus on connecting your findings back to the main research question. Excellent use of resources; keep up the thorough analysis.",10/21/2024 23:33,11/18/2024 10:33
This research aims to provide a comprehensive understanding of biology. Time management was essential for completing tasks related to biology. The process involved collecting data and organizing it systematically.,"Great work identifying sources; ensure they are cited properly. This is a strong start, but try to incorporate more examples. Excellent use of resources; keep up the thorough analysis. Focus on connecting your findings back to the main research question. Ensure your conclusions align with the evidence presented. Consider narrowing your focus to make the argument more concise. Your initial review is detailed, but consider expanding on key points.",12/18/2024 1:33,12/29/2024 5:33
Some key points include pay special attention to historical context and implications.. The focus is on presenting a balanced perspective while addressing the key question of economics. This research aims to provide a comprehensive understanding of economics. The process involved collecting data and organizing it systematically.,"Your initial review is detailed, but consider expanding on key points. Consider narrowing your focus to make the argument more concise. Ensure your conclusions align with the evidence presented. This is a strong start, but try to incorporate more examples. Focus on connecting your findings back to the main research question. Excellent use of resources; keep up the thorough analysis. You might want to refine the thesis to make it clearer and more compelling.",12/10/2024 8:33,1/1/2025 17:33
Some key points include ensure the use of at least five peer-reviewed sources.. This research aims to provide a comprehensive understanding of history. I began researching the topic of history by focusing on develop a thesis statement.,"Ensure your conclusions align with the evidence presented. Great work identifying sources; ensure they are cited properly. Excellent use of resources; keep up the thorough analysis. Consider narrowing your focus to make the argument more concise. This is a strong start, but try to incorporate more examples.",11/16/2024 2:33,11/16/2024 4:33
The process involved collecting data and organizing it systematically. I began researching the topic of psychology by focusing on evaluate case studies. Some key points include consider exploring this topic from multiple angles.. The focus is on presenting a balanced perspective while addressing the key question of psychology. This research aims to provide a comprehensive understanding of psychology.,"You might want to refine the thesis to make it clearer and more compelling. Consider narrowing your focus to make the argument more concise. Focus on connecting your findings back to the main research question. This is a strong start, but try to incorporate more examples. Your initial review is detailed, but consider expanding on key points.",1/10/2025 8:33,1/25/2025 8:33
The focus is on presenting a balanced perspective while addressing the key question of physics. Time management was essential for completing tasks related to physics. The process involved collecting data and organizing it systematically. Some key points include consider exploring this topic from multiple angles..,"Your initial review is detailed, but consider expanding on key points. Great work identifying sources; ensure they are cited properly. Focus on connecting your findings back to the main research question. Consider narrowing your focus to make the argument more concise. Excellent use of resources; keep up the thorough analysis. Ensure your conclusions align with the evidence presented. This is a strong start, but try to incorporate more examples.",12/15/2024 3:33,12/27/2024 3:33
"One challenge was finding sufficient resources on physics, but it was resolved by consulting multiple databases. This research aims to provide a comprehensive understanding of physics.","Consider narrowing your focus to make the argument more concise. Excellent use of resources; keep up the thorough analysis. Focus on connecting your findings back to the main research question. You might want to refine the thesis to make it clearer and more compelling. Your initial review is detailed, but consider expanding on key points. This is a strong start, but try to incorporate more examples.",1/17/2025 10:33,2/7/2025 13:33
"Some key points include consider exploring this topic from multiple angles.. The process involved collecting data and organizing it systematically. One challenge was finding sufficient resources on biology, but it was resolved by consulting multiple databases. I began researching the topic of biology by focusing on summarize historical events. This research aims to provide a comprehensive understanding of biology. The focus is on presenting a balanced perspective while addressing the key question of biology.","You might want to refine the thesis to make it clearer and more compelling. Ensure your conclusions align with the evidence presented. Focus on connecting your findings back to the main research question. This is a strong start, but try to incorporate more examples. Excellent use of resources; keep up the thorough analysis. Great work identifying sources; ensure they are cited properly. Consider narrowing your focus to make the argument more concise. Your initial review is detailed, but consider expanding on key points.",11/5/2024 10:33,11/5/2024 19:33
"This research aims to provide a comprehensive understanding of biology. I began researching the topic of biology by focusing on develop a thesis statement. One challenge was finding sufficient resources on biology, but it was resolved by consulting multiple databases.","Excellent use of resources; keep up the thorough analysis. Great work identifying sources; ensure they are cited properly. Consider narrowing your focus to make the argument more concise. You might want to refine the thesis to make it clearer and more compelling. Focus on connecting your findings back to the main research question. This is a strong start, but try to incorporate more examples. Ensure your conclusions align with the evidence presented.",1/7/2025 19:33,1/8/2025 5:33
"The process involved collecting data and organizing it systematically. I began researching the topic of biology by focusing on summarize historical events. Time management was essential for completing tasks related to biology. Some key points include consider exploring this topic from multiple angles.. One challenge was finding sufficient resources on biology, but it was resolved by consulting multiple databases. This research aims to provide a comprehensive understanding of biology.","You might want to refine the thesis to make it clearer and more compelling. Great work identifying sources; ensure they are cited properly. Excellent use of resources; keep up the thorough analysis. Your initial review is detailed, but consider expanding on key points. Focus on connecting your findings back to the main research question.",10/30/2024 11:33,11/11/2024 21:33
"One challenge was finding sufficient resources on economics, but it was resolved by consulting multiple databases. Time management was essential for completing tasks related to economics. This research aims to provide a comprehensive understanding of economics. Some key points include pay special attention to historical context and implications.. I began researching the topic of economics by focusing on analyze experimental data. The process involved collecting data and organizing it systematically. The focus is on presenting a balanced perspective while addressing the key question of economics.","Ensure your conclusions align with the evidence presented. Consider narrowing your focus to make the argument more concise. You might want to refine the thesis to make it clearer and more compelling. Your initial review is detailed, but consider expanding on key points. Excellent use of resources; keep up the thorough analysis. Great work identifying sources; ensure they are cited properly. Focus on connecting your findings back to the main research question. This is a strong start, but try to incorporate more examples.",10/24/2024 15:33,11/23/2024 1:33
"Some key points include include recent studies to ensure relevance.. One challenge was finding sufficient resources on literature, but it was resolved by consulting multiple databases. The focus is on presenting a balanced perspective while addressing the key question of literature. The process involved collecting data and organizing it systematically.","Your initial review is detailed, but consider expanding on key points. You might want to refine the thesis to make it clearer and more compelling. Consider narrowing your focus to make the argument more concise. Ensure your conclusions align with the evidence presented.",11/13/2024 14:33,12/14/2024 0:33
The process involved collecting data and organizing it systematically. I began researching the topic of art history by focusing on develop a thesis statement. Some key points include focus on building a strong argument supported by evidence.. Time management was essential for completing tasks related to art history. This research aims to provide a comprehensive understanding of art history.,"Consider narrowing your focus to make the argument more concise. Your initial review is detailed, but consider expanding on key points. You might want to refine the thesis to make it clearer and more compelling. Excellent use of resources; keep up the thorough analysis. Great work identifying sources; ensure they are cited properly. Ensure your conclusions align with the evidence presented.",11/6/2024 12:33,11/10/2024 0:33
"One challenge was finding sufficient resources on chemistry, but it was resolved by consulting multiple databases. Time management was essential for completing tasks related to chemistry. Some key points include pay special attention to historical context and implications.. I began researching the topic of chemistry by focusing on write a critical analysis.","Ensure your conclusions align with the evidence presented. Excellent use of resources; keep up the thorough analysis. This is a strong start, but try to incorporate more examples. Consider narrowing your focus to make the argument more concise. Great work identifying sources; ensure they are cited properly. Your initial review is detailed, but consider expanding on key points.",10/24/2024 15:33,11/23/2024 21:33
This research aims to provide a comprehensive understanding of art history. Time management was essential for completing tasks related to art history. I began researching the topic of art history by focusing on analyze primary sources. The process involved collecting data and organizing it systematically. The focus is on presenting a balanced perspective while addressing the key question of art history.,"Great work identifying sources; ensure they are cited properly. This is a strong start, but try to incorporate more examples. Excellent use of resources; keep up the thorough analysis. Your initial review is detailed, but consider expanding on key points. Consider narrowing your focus to make the argument more concise.",10/27/2024 3:33,11/3/2024 14:33
"One challenge was finding sufficient resources on history, but it was resolved by consulting multiple databases. The focus is on presenting a balanced perspective while addressing the key question of history. Time management was essential for completing tasks related to history. This research aims to provide a comprehensive understanding of history. Some key points include include recent studies to ensure relevance.. The process involved collecting data and organizing it systematically. I began researching the topic of history by focusing on analyze experimental data.","Great work identifying sources; ensure they are cited properly. Focus on connecting your findings back to the main research question. Ensure your conclusions align with the evidence presented. Your initial review is detailed, but consider expanding on key points.",11/16/2024 9:33,12/8/2024 13:33
"Some key points include consider exploring this topic from multiple angles.. The process involved collecting data and organizing it systematically. This research aims to provide a comprehensive understanding of chemistry. One challenge was finding sufficient resources on chemistry, but it was resolved by consulting multiple databases. Time management was essential for completing tasks related to chemistry. The focus is on presenting a balanced perspective while addressing the key question of chemistry. I began researching the topic of chemistry by focusing on review academic journals.","Great work identifying sources; ensure they are cited properly. This is a strong start, but try to incorporate more examples. Excellent use of resources; keep up the thorough analysis. Focus on connecting your findings back to the main research question. Ensure your conclusions align with the evidence presented. Consider narrowing your focus to make the argument more concise. Your initial review is detailed, but consider expanding on key points. You might want to refine the thesis to make it clearer and more compelling.",11/20/2024 21:33,12/4/2024 5:33
"Time management was essential for completing tasks related to philosophy. One challenge was finding sufficient resources on philosophy, but it was resolved by consulting multiple databases. The focus is on presenting a balanced perspective while addressing the key question of philosophy. Some key points include ensure the use of at least five peer-reviewed sources.. This research aims to provide a comprehensive understanding of philosophy. The process involved collecting data and organizing it systematically.","Your initial review is detailed, but consider expanding on key points. Excellent use of resources; keep up the thorough analysis. Ensure your conclusions align with the evidence presented. You might want to refine the thesis to make it clearer and more compelling. Great work identifying sources; ensure they are cited properly. This is a strong start, but try to incorporate more examples.",1/4/2025 11:33,1/15/2025 14:33
"One challenge was finding sufficient resources on art history, but it was resolved by consulting multiple databases. The process involved collecting data and organizing it systematically.","Ensure your conclusions align with the evidence presented. Excellent use of resources; keep up the thorough analysis. Your initial review is detailed, but consider expanding on key points. You might want to refine the thesis to make it clearer and more compelling. Consider narrowing your focus to make the argument more concise. Great work identifying sources; ensure they are cited properly.",10/23/2024 6:33,11/15/2024 18:33
"Time management was essential for completing tasks related to literature. The process involved collecting data and organizing it systematically. One challenge was finding sufficient resources on literature, but it was resolved by consulting multiple databases. Some key points include include recent studies to ensure relevance.. I began researching the topic of literature by focusing on evaluate case studies. This research aims to provide a comprehensive understanding of literature.","Great work identifying sources; ensure they are cited properly. Consider narrowing your focus to make the argument more concise. This is a strong start, but try to incorporate more examples. You might want to refine the thesis to make it clearer and more compelling. Your initial review is detailed, but consider expanding on key points. Focus on connecting your findings back to the main research question. Ensure your conclusions align with the evidence presented.",11/7/2024 12:33,12/6/2024 23:33
"One challenge was finding sufficient resources on philosophy, but it was resolved by consulting multiple databases. The process involved collecting data and organizing it systematically. The focus is on presenting a balanced perspective while addressing the key question of philosophy. I began researching the topic of philosophy by focusing on analyze primary sources. Some key points include consider exploring this topic from multiple angles..",Focus on connecting your findings back to the main research question. Ensure your conclusions align with the evidence presented. Excellent use of resources; keep up the thorough analysis.,12/29/2024 18:33,1/28/2025 4:33
"One challenge was finding sufficient resources on computer science, but it was resolved by consulting multiple databases. I began researching the topic of computer science by focusing on analyze experimental data. The process involved collecting data and organizing it systematically.","Your initial review is detailed, but consider expanding on key points. Ensure your conclusions align with the evidence presented. Excellent use of resources; keep up the thorough analysis. Consider narrowing your focus to make the argument more concise. Focus on connecting your findings back to the main research question.",12/27/2024 17:33,1/18/2025 23:33
"Some key points include consider exploring this topic from multiple angles.. I began researching the topic of art history by focusing on create an annotated bibliography. This research aims to provide a comprehensive understanding of art history. The process involved collecting data and organizing it systematically. The focus is on presenting a balanced perspective while addressing the key question of art history. One challenge was finding sufficient resources on art history, but it was resolved by consulting multiple databases.","You might want to refine the thesis to make it clearer and more compelling. Ensure your conclusions align with the evidence presented. Great work identifying sources; ensure they are cited properly. Your initial review is detailed, but consider expanding on key points. Consider narrowing your focus to make the argument more concise. Excellent use of resources; keep up the thorough analysis. Focus on connecting your findings back to the main research question.",11/12/2024 19:33,12/3/2024 2:33
Time management was essential for completing tasks related to chemistry. The process involved collecting data and organizing it systematically. The focus is on presenting a balanced perspective while addressing the key question of chemistry.,"Great work identifying sources; ensure they are cited properly. Your initial review is detailed, but consider expanding on key points. Consider narrowing your focus to make the argument more concise. You might want to refine the thesis to make it clearer and more compelling. Focus on connecting your findings back to the main research question.",12/23/2024 22:33,12/30/2024 8:33
"I began researching the topic of history by focusing on review academic journals. The process involved collecting data and organizing it systematically. Some key points include include recent studies to ensure relevance.. One challenge was finding sufficient resources on history, but it was resolved by consulting multiple databases. This research aims to provide a comprehensive understanding of history. The focus is on presenting a balanced perspective while addressing the key question of history.",Excellent use of resources; keep up the thorough analysis. Consider narrowing your focus to make the argument more concise.,12/26/2024 18:33,1/10/2025 0:33
This research aims to provide a comprehensive understanding of physics. Some key points include include recent studies to ensure relevance..,"This is a strong start, but try to incorporate more examples. Excellent use of resources; keep up the thorough analysis.",1/4/2025 13:33,1/27/2025 15:33
"I began researching the topic of computer science by focusing on summarize historical events. One challenge was finding sufficient resources on computer science, but it was resolved by consulting multiple databases. Time management was essential for completing tasks related to computer science. The process involved collecting data and organizing it systematically. Some key points include ensure the use of at least five peer-reviewed sources.. This research aims to provide a comprehensive understanding of computer science.","Excellent use of resources; keep up the thorough analysis. Great work identifying sources; ensure they are cited properly. Your initial review is detailed, but consider expanding on key points. Ensure your conclusions align with the evidence presented. You might want to refine the thesis to make it clearer and more compelling. Consider narrowing your focus to make the argument more concise. This is a strong start, but try to incorporate more examples.",11/3/2024 23:33,11/30/2024 3:33
"The process involved collecting data and organizing it systematically. This research aims to provide a comprehensive understanding of art history. Some key points include ensure the use of at least five peer-reviewed sources.. I began researching the topic of art history by focusing on create an annotated bibliography. The focus is on presenting a balanced perspective while addressing the key question of art history. Time management was essential for completing tasks related to art history. One challenge was finding sufficient resources on art history, but it was resolved by consulting multiple databases.","Excellent use of resources; keep up the thorough analysis. You might want to refine the thesis to make it clearer and more compelling. Great work identifying sources; ensure they are cited properly. Ensure your conclusions align with the evidence presented. This is a strong start, but try to incorporate more examples.",11/24/2024 18:33,12/18/2024 3:33
"This research aims to provide a comprehensive understanding of literature. I began researching the topic of literature by focusing on summarize historical events. The process involved collecting data and organizing it systematically. The focus is on presenting a balanced perspective while addressing the key question of literature. Some key points include ensure the use of at least five peer-reviewed sources.. One challenge was finding sufficient resources on literature, but it was resolved by consulting multiple databases. Time management was essential for completing tasks related to literature.",Focus on connecting your findings back to the main research question. Great work identifying sources; ensure they are cited properly.,12/25/2024 13:33,12/31/2024 20:33
"The focus is on presenting a balanced perspective while addressing the key question of biology. This research aims to provide a comprehensive understanding of biology. One challenge was finding sufficient resources on biology, but it was resolved by consulting multiple databases. I began researching the topic of biology by focusing on create an annotated bibliography. Some key points include pay special attention to historical context and implications.. The process involved collecting data and organizing it systematically.","Your initial review is detailed, but consider expanding on key points. Great work identifying sources; ensure they are cited properly. This is a strong start, but try to incorporate more examples. You might want to refine the thesis to make it clearer and more compelling.",12/3/2024 20:33,12/14/2024 7:33
"I began researching the topic of economics by focusing on evaluate case studies. One challenge was finding sufficient resources on economics, but it was resolved by consulting multiple databases.",Consider narrowing your focus to make the argument more concise. Focus on connecting your findings back to the main research question.,10/27/2024 0:33,11/5/2024 2:33
Some key points include ensure the use of at least five peer-reviewed sources.. Time management was essential for completing tasks related to chemistry.,"Your initial review is detailed, but consider expanding on key points. Great work identifying sources; ensure they are cited properly. Focus on connecting your findings back to the main research question.",11/24/2024 7:33,12/8/2024 15:33
Time management was essential for completing tasks related to computer science. Some key points include consider exploring this topic from multiple angles..,"You might want to refine the thesis to make it clearer and more compelling. Your initial review is detailed, but consider expanding on key points. Great work identifying sources; ensure they are cited properly.",11/29/2024 6:33,12/19/2024 15:33
"One challenge was finding sufficient resources on psychology, but it was resolved by consulting multiple databases. The focus is on presenting a balanced perspective while addressing the key question of psychology. I began researching the topic of psychology by focusing on develop a thesis statement. This research aims to provide a comprehensive understanding of psychology.","Consider narrowing your focus to make the argument more concise. Great work identifying sources; ensure they are cited properly. Focus on connecting your findings back to the main research question. Your initial review is detailed, but consider expanding on key points. This is a strong start, but try to incorporate more examples.",1/7/2025 0:33,1/25/2025 1:33
"This research aims to provide a comprehensive understanding of computer science. Time management was essential for completing tasks related to computer science. The focus is on presenting a balanced perspective while addressing the key question of computer science. One challenge was finding sufficient resources on computer science, but it was resolved by consulting multiple databases. I began researching the topic of computer science by focusing on analyze experimental data.",Ensure your conclusions align with the evidence presented. Focus on connecting your findings back to the main research question.,1/9/2025 5:33,1/25/2025 12:33
"One challenge was finding sufficient resources on psychology, but it was resolved by consulting multiple databases. I began researching the topic of psychology by focusing on analyze primary sources. The focus is on presenting a balanced perspective while addressing the key question of psychology. Time management was essential for completing tasks related to psychology.",Excellent use of resources; keep up the thorough analysis. Focus on connecting your findings back to the main research question.,10/31/2024 17:33,10/31/2024 19:33
"The focus is on presenting a balanced perspective while addressing the key question of chemistry. One challenge was finding sufficient resources on chemistry, but it was resolved by consulting multiple databases. Time management was essential for completing tasks related to chemistry. The process involved collecting data and organizing it systematically. I began researching the topic of chemistry by focusing on review academic journals.","Your initial review is detailed, but consider expanding on key points. Excellent use of resources; keep up the thorough analysis. Ensure your conclusions align with the evidence presented. This is a strong start, but try to incorporate more examples.",11/17/2024 17:33,11/24/2024 5:33
Some key points include pay special attention to historical context and implications.. The process involved collecting data and organizing it systematically. The focus is on presenting a balanced perspective while addressing the key question of literature. I began researching the topic of literature by focusing on develop a thesis statement.,"This is a strong start, but try to incorporate more examples. Your initial review is detailed, but consider expanding on key points. Excellent use of resources; keep up the thorough analysis. Consider narrowing your focus to make the argument more concise.",12/7/2024 10:33,12/17/2024 11:33
"Time management was essential for completing tasks related to economics. One challenge was finding sufficient resources on economics, but it was resolved by consulting multiple databases. This research aims to provide a comprehensive understanding of economics. I began researching the topic of economics by focusing on create an annotated bibliography.",You might want to refine the thesis to make it clearer and more compelling. Great work identifying sources; ensure they are cited properly. Excellent use of resources; keep up the thorough analysis. Consider narrowing your focus to make the argument more concise. Focus on connecting your findings back to the main research question.,12/12/2024 0:33,12/13/2024 10:33
This research aims to provide a comprehensive understanding of biology. I began researching the topic of biology by focusing on summarize historical events. The process involved collecting data and organizing it systematically.,"Excellent use of resources; keep up the thorough analysis. This is a strong start, but try to incorporate more examples. You might want to refine the thesis to make it clearer and more compelling. Ensure your conclusions align with the evidence presented. Focus on connecting your findings back to the main research question.",12/4/2024 0:33,12/22/2024 2:33
Some key points include consider exploring this topic from multiple angles.. The process involved collecting data and organizing it systematically.,"Excellent use of resources; keep up the thorough analysis. Ensure your conclusions align with the evidence presented. Your initial review is detailed, but consider expanding on key points.",1/7/2025 8:33,1/31/2025 11:33
